ts_iso,ts,public_count,S_mood
2025-11-21T12:45:00+05:30,1763709300000,0,0.0
2025-11-21T12:30:00+05:30,1763708400000,0,0.0
2025-11-21T05:30:00+05:30,1763683200000,0,0.0
2025-11-21T05:30:00+05:30,1763683200000,0,0.0
2025-11-21T16:10:00+05:30,1763721600000,0,-3.714757499380562e-05
2025-11-21T14:30:00+05:30,1763715600000,0,-1.1437828950974321e-05
2025-11-20T05:30:00+05:30,1763596800000,0,-2.9515614187580404e-07
2025-11-20T17:30:00+05:30,1763640000000,0,-9.703503799307815e-06
2025-11-21T16:15:00+05:30,1763721900000,0,0.002037309531071146
2025-11-20T05:30:00+05:30,1763596800000,0,-0.00010989958468514733
2025-11-21T16:15:00+05:30,1763721900000,0,0.024556264040602852
2025-11-20T05:30:00+05:30,1763596800000,0,-0.000109899597799143
2025-11-20T05:30:00+05:30,1763596800000,0,-0.00010989958043707522
2025-11-21T14:30:00+05:30,1763715600000,0,-0.008641126675736032
2025-11-21T14:30:00+05:30,1763715600000,0,-0.008641126675736032
2025-11-20T17:30:00+05:30,1763640000000,0,-0.0004914944563431948
2025-11-21T16:15:00+05:30,1763721900000,0,0.024556488501383752
2025-11-21T16:15:00+05:30,1763721900000,0,0.02455725337909111
2025-11-21T14:30:00+05:30,1763715600000,0,-0.00864099449928804
2025-11-20T17:30:00+05:30,1763640000000,0,-0.0004914950498806085
2025-11-21T16:15:00+05:30,1763721900000,0,0.024556264040602852
2025-11-20T17:30:00+05:30,1763640000000,0,-0.0004914949950182336
2025-11-20T17:30:00+05:30,1763640000000,0,-0.0004914949950182336
2025-11-20T05:30:00+05:30,1763596800000,0,-0.00010989958043707522
2025-11-20T05:30:00+05:30,1763596800000,0,-0.00010989960997268403
2025-11-20T17:30:00+05:30,1763640000000,0,-0.0004914949950182336
2025-11-21T14:30:00+05:30,1763715600000,0,-0.00864099449928804
2025-11-21T16:15:00+05:30,1763721900000,0,0.024556562012673356
2025-11-21T14:30:00+05:30,1763715600000,0,-0.008641097297805938
2025-11-21T16:10:00+05:30,1763721600000,0,6.647647275010614e-06
2025-11-21T14:30:00+05:30,1763715600000,0,1.272668140405569e-05
2025-11-20T17:30:00+05:30,1763640000000,0,-1.8305741330614183e-05
2025-11-20T05:30:00+05:30,1763596800000,0,6.840308816926927e-07
2025-11-21T16:15:00+05:30,1763721900000,0,0.0020457253140722578
2025-11-20T17:30:00+05:30,1763640000000,0,-0.0004914916673257302
2025-11-20T05:30:00+05:30,1763596800000,0,-0.000109899330016863
2025-11-20T17:30:00+05:30,1763640000000,0,-0.0004914914396190003
2025-11-20T05:30:00+05:30,1763596800000,0,-0.00010989925981485476
2025-11-21T14:30:00+05:30,1763715600000,0,-0.008640304198035574
2025-11-21T14:30:00+05:30,1763715600000,0,-0.008640266927461074
2025-11-21T16:15:00+05:30,1763721900000,0,0.024542016235661643
2025-11-21T16:15:00+05:30,1763721900000,0,0.024541735398820076
2025-11-20T05:30:00+05:30,1763596800000,0,-0.00010989930785362132
2025-11-21T14:30:00+05:30,1763715600000,0,-0.008640303452291323
2025-11-21T16:15:00+05:30,1763721900000,0,0.024541869184629483
2025-11-20T17:30:00+05:30,1763640000000,0,-0.0004914917762792265
2025-11-21T16:15:00+05:30,1763721900000,0,6.666781300519589e-06
2025-11-21T14:30:00+05:30,1763715600000,0,8.210053460529331e-06
2025-11-20T17:30:00+05:30,1763640000000,0,1.243525596229817e-06
2025-11-20T05:30:00+05:30,1763596800000,0,-7.293456538206425e-07
2025-11-21T16:20:00+05:30,1763722200000,0,-0.0008701950460994257
2025-11-21T16:20:00+05:30,1763722200000,0,-2.1127456352177008e-05
2025-11-21T16:20:00+05:30,1763722200000,0,0.00016797936944946978
2025-11-21T16:20:00+05:30,1763722200000,0,0.0001678799849469415
2025-11-21T16:20:00+05:30,1763722200000,0,0.00016797936944946978
2025-11-21T16:20:00+05:30,1763722200000,0,-6.956187865833891e-06
2025-11-21T16:20:00+05:30,1763722200000,0,0.0072113455171877484
2025-11-21T16:20:00+05:30,1763722200000,0,0.0072158659854916
2025-11-21T16:20:00+05:30,1763722200000,0,8.185355128474945e-05
2025-11-21T16:20:00+05:30,1763722200000,0,0.00721564123498932
2025-11-21T16:20:00+05:30,1763722200000,0,0.007211388726439399
2025-11-21T16:25:00+05:30,1763722500000,0,-0.002071451188599771
2025-11-21T16:25:00+05:30,1763722500000,0,-0.0010356748001124176
2025-11-21T16:25:00+05:30,1763722500000,0,4.85303453493247e-06
2025-11-21T16:25:00+05:30,1763722500000,0,-0.0012043692218573073
2025-11-21T16:25:00+05:30,1763722500000,0,4.8530054564850655e-06
2025-11-21T15:30:00+05:30,1763719200000,0,1.7357795227748173e-06
2025-11-21T15:30:00+05:30,1763719200000,0,0.00017012441100222204
2025-11-21T16:25:00+05:30,1763722500000,0,0.0001888783651437492
2025-11-21T16:25:00+05:30,1763722500000,0,0.00046559453174166405
2025-11-21T16:25:00+05:30,1763722500000,0,-0.0011523711083092124
2025-11-21T16:25:00+05:30,1763722500000,0,0.0005467029835566172
2025-11-21T15:30:00+05:30,1763719200000,0,7.378344209797955e-06
2025-11-21T15:30:00+05:30,1763719200000,0,-0.0032426604565304936
2025-11-21T15:30:00+05:30,1763719200000,0,-0.0032426601766566217
2025-11-21T15:30:00+05:30,1763719200000,0,0.0001922376829437209
2025-11-21T15:30:00+05:30,1763719200000,0,7.378319125050498e-06
2025-11-21T16:25:00+05:30,1763722500000,0,0.00018887663868414844
2025-11-21T16:25:00+05:30,1763722500000,0,-0.0010362879168268537
2025-11-21T15:30:00+05:30,1763719200000,0,-0.003242646469081053
2025-11-21T15:30:00+05:30,1763719200000,0,-0.0032429195229387088
2025-11-21T15:30:00+05:30,1763719200000,0,0.00018775494998966996
2025-11-21T15:30:00+05:30,1763719200000,0,-1.8804009423222768e-06
2025-11-21T16:30:00+05:30,1763722800000,0,0.00018887663868414844
2025-11-21T16:30:00+05:30,1763722800000,0,6.371631075944338e-05
2025-11-21T16:30:00+05:30,1763722800000,0,0.00018879616432002574
2025-11-21T16:30:00+05:30,1763722800000,0,-4.1309505075537966e-05
2025-11-21T16:30:00+05:30,1763722800000,0,-0.00025314353019818895
2025-11-21T16:30:00+05:30,1763722800000,0,0.0005480531900305766
2025-11-21T16:30:00+05:30,1763722800000,0,-0.00025398269167620295
2025-11-21T16:30:00+05:30,1763722800000,0,5.44143439987355e-05
2025-11-21T16:30:00+05:30,1763722800000,0,-0.0007291089220484154
2025-11-21T16:30:00+05:30,1763722800000,0,0.0001293118054977927
2025-11-21T16:30:00+05:30,1763722800000,0,-0.0012814362744297898
2025-11-21T16:35:00+05:30,1763723100000,0,5.879057210188181e-05
2025-11-21T16:35:00+05:30,1763723100000,0,-0.0001850046485539765
2025-11-21T16:35:00+05:30,1763723100000,0,0.00014745050338631137
2025-11-21T16:35:00+05:30,1763723100000,0,2.1829461262746376e-05
2025-11-21T16:35:00+05:30,1763723100000,0,-0.00025383148710069907
2025-11-21T16:35:00+05:30,1763723100000,0,9.997106511698402e-06
2025-11-21T16:35:00+05:30,1763723100000,0,2.1762847891996424e-05
2025-11-21T16:35:00+05:30,1763723100000,0,2.181659615933604e-05
2025-11-21T16:35:00+05:30,1763723100000,0,-0.0016245363750629273
2025-11-21T16:35:00+05:30,1763723100000,0,0.0006616706968504715
2025-11-21T16:35:00+05:30,1763723100000,0,-0.0001498020849287103
2025-11-21T16:40:00+05:30,1763723400000,0,0.00015807266913982248
2025-11-21T16:40:00+05:30,1763723400000,0,8.27669759589929e-06
2025-11-21T16:40:00+05:30,1763723400000,0,4.721457813959844e-05
2025-11-21T16:40:00+05:30,1763723400000,0,0.0007532217414324594
2025-11-21T16:40:00+05:30,1763723400000,0,4.274342152457882e-05
2025-11-21T16:40:00+05:30,1763723400000,0,-0.0005717390448276001
2025-11-21T16:40:00+05:30,1763723400000,0,0.0011103028673737044
2025-11-21T16:40:00+05:30,1763723400000,0,-0.0003706170430446013
2025-11-21T16:40:00+05:30,1763723400000,0,0.0015817396967533176
2025-11-21T16:40:00+05:30,1763723400000,0,4.128627858946152e-06
2025-11-21T16:40:00+05:30,1763723400000,0,0.0012815292485360062
2025-11-21T16:45:00+05:30,1763723700000,0,0.00015797856307819166
2025-11-21T16:45:00+05:30,1763723700000,0,2.1695182818924744e-05
2025-11-21T16:45:00+05:30,1763723700000,0,0.00015800387511144567
2025-11-21T16:45:00+05:30,1763723700000,0,-0.0005717620794163043
2025-11-21T16:45:00+05:30,1763723700000,0,2.176158907530154e-05
2025-11-21T16:45:00+05:30,1763723700000,0,0.0019679022865913614
2025-11-21T16:45:00+05:30,1763723700000,0,0.0039331308242581756
2025-11-21T16:45:00+05:30,1763723700000,0,0.0023457620642265407
2025-11-21T16:45:00+05:30,1763723700000,0,0.0036214010991957907
2025-11-21T16:45:00+05:30,1763723700000,0,2.1761654219895672e-05
2025-11-21T16:45:00+05:30,1763723700000,0,0.0017740237088240797
2025-11-21T16:50:00+05:30,1763724000000,0,-9.466618784000325e-05
2025-11-21T16:50:00+05:30,1763724000000,0,-0.0001240671066942713
2025-11-21T16:50:00+05:30,1763724000000,0,0.0016068676711745074
2025-11-21T16:50:00+05:30,1763724000000,0,-9.174967692259231e-05
2025-11-21T16:50:00+05:30,1763724000000,0,3.5465543284875255e-06
2025-11-21T16:50:00+05:30,1763724000000,0,0.0037159660889482253
2025-11-21T16:50:00+05:30,1763724000000,0,-0.00024222921531380265
2025-11-21T16:50:00+05:30,1763724000000,0,-9.495890692509883e-05
2025-11-21T16:50:00+05:30,1763724000000,0,1.9004670438321484e-05
2025-11-21T16:50:00+05:30,1763724000000,0,1.9067495931037477e-05
2025-11-21T16:50:00+05:30,1763724000000,0,0.003353632712805786
2025-11-21T16:55:00+05:30,1763724300000,0,3.5369421382967865e-06
2025-11-21T16:55:00+05:30,1763724300000,0,-0.00016982610207870149
2025-11-21T16:55:00+05:30,1763724300000,0,-0.0001740870987151618
2025-11-21T16:55:00+05:30,1763724300000,0,0.00018401195791065613
2025-11-21T16:55:00+05:30,1763724300000,0,-0.00012968038760314768
2025-11-21T16:55:00+05:30,1763724300000,0,-0.00017397908215274763
2025-11-21T16:55:00+05:30,1763724300000,0,-3.3743829303611906e-05
2025-11-21T16:55:00+05:30,1763724300000,0,0.0001840136399038005
2025-11-21T16:55:00+05:30,1763724300000,0,0.00018401195791065613
2025-11-21T16:55:00+05:30,1763724300000,0,0.0027702590917252847
2025-11-21T16:55:00+05:30,1763724300000,0,-0.00016467837833951163
2025-11-21T17:00:00+05:30,1763724600000,0,0.0010801186023077956
2025-11-21T17:00:00+05:30,1763724600000,0,1.3903747160567578e-05
2025-11-21T17:00:00+05:30,1763724600000,0,0.0008837163007680175
2025-11-21T17:00:00+05:30,1763724600000,0,0.00012507201104117955
2025-11-21T17:00:00+05:30,1763724600000,0,0.0007185231515728967
2025-11-21T17:00:00+05:30,1763724600000,0,0.0008951403453090777
2025-11-21T17:00:00+05:30,1763724600000,0,0.00109789212405396
2025-11-21T17:00:00+05:30,1763724600000,0,0.0008056005802570683
2025-11-21T17:00:00+05:30,1763724600000,0,0.0008009856292547964
2025-11-21T17:00:00+05:30,1763724600000,0,0.0009177086137875396
2025-11-21T17:00:00+05:30,1763724600000,0,0.0039311688752868305
2025-11-21T17:05:00+05:30,1763724900000,0,4.335352790165149e-05
2025-11-21T17:05:00+05:30,1763724900000,0,0.0007582160564908601
2025-11-21T17:05:00+05:30,1763724900000,0,0.0009216649797041468
2025-11-21T17:05:00+05:30,1763724900000,0,0.0007967515933195673
2025-11-21T17:05:00+05:30,1763724900000,0,0.00417497592260646
2025-11-21T17:05:00+05:30,1763724900000,0,0.0008212016221066979
2025-11-21T17:05:00+05:30,1763724900000,0,-0.0001683251841722148
2025-11-21T17:05:00+05:30,1763724900000,0,-0.00011659669274060874
2025-11-21T17:05:00+05:30,1763724900000,0,0.0007892150490607168
2025-11-21T17:05:00+05:30,1763724900000,0,0.0009847871924675434
2025-11-21T17:05:00+05:30,1763724900000,0,3.359158286099376e-05
2025-11-21T17:10:00+05:30,1763725200000,0,-9.975760781693142e-05
2025-11-21T17:10:00+05:30,1763725200000,0,3.105703584102394e-05
2025-11-21T17:10:00+05:30,1763725200000,0,0.0027925386771396918
2025-11-21T17:10:00+05:30,1763725200000,0,-5.2871330406725074e-05
2025-11-21T17:10:00+05:30,1763725200000,0,-1.5362611709065325e-05
2025-11-21T17:10:00+05:30,1763725200000,0,-0.000173597519957592
2025-11-21T17:10:00+05:30,1763725200000,0,3.105703584102394e-05
2025-11-21T17:10:00+05:30,1763725200000,0,-8.83056709712692e-05
2025-11-21T17:10:00+05:30,1763725200000,0,0.0006973893390213314
2025-11-21T17:10:00+05:30,1763725200000,0,-5.7016068735963005e-05
2025-11-21T17:10:00+05:30,1763725200000,0,-0.0002878225290829255
2025-11-21T17:15:00+05:30,1763725500000,0,-0.0002674067952292244
2025-11-21T17:15:00+05:30,1763725500000,0,-9.17808112621977e-05
2025-11-21T17:15:00+05:30,1763725500000,0,3.105741269514385e-05
2025-11-21T17:15:00+05:30,1763725500000,0,0.0004596896122866754
2025-11-21T17:15:00+05:30,1763725500000,0,-0.00011120397590756915
2025-11-21T17:15:00+05:30,1763725500000,0,-0.0005377874046591277
2025-11-21T17:15:00+05:30,1763725500000,0,2.5674765393582757e-05
2025-11-21T17:15:00+05:30,1763725500000,0,-1.3734087733874977e-05
2025-11-21T17:15:00+05:30,1763725500000,0,-0.0005362099461275995
2025-11-21T17:15:00+05:30,1763725500000,0,-3.4806292418358e-05
2025-11-21T17:15:00+05:30,1763725500000,0,0.0007453204464106934
2025-11-21T15:30:00+05:30,1763719200000,0,0.0021447676188991395
2025-11-20T17:30:00+05:30,1763640000000,0,-0.0004911146609583044
2025-11-20T05:30:00+05:30,1763596800000,0,-0.0001098621019147235
2025-11-21T17:15:00+05:30,1763725500000,0,0.00012751808716879087
2025-11-21T17:20:00+05:30,1763725800000,0,-1.6281833306525534e-05
2025-11-21T17:20:00+05:30,1763725800000,0,-0.0001987419392155072
2025-11-21T17:20:00+05:30,1763725800000,0,-3.696551086934731e-06
2025-11-21T17:20:00+05:30,1763725800000,0,-0.0014301915394673301
2025-11-21T17:20:00+05:30,1763725800000,0,-0.0001123652258146303
2025-11-21T17:20:00+05:30,1763725800000,0,1.942813109447041e-05
2025-11-21T17:20:00+05:30,1763725800000,0,-0.00018763160948167057
2025-11-21T17:20:00+05:30,1763725800000,0,-0.0053934204433099
2025-11-21T17:20:00+05:30,1763725800000,0,-0.0010217220163756362
2025-11-21T17:20:00+05:30,1763725800000,0,-0.0012391375285348307
2025-11-21T17:20:00+05:30,1763725800000,0,-0.001082625272796052
2025-11-21T17:20:00+05:30,1763725800000,0,-0.0008885182721197949
2025-11-21T17:25:00+05:30,1763726100000,0,-5.5774349119392844e-05
2025-11-21T17:25:00+05:30,1763726100000,0,-0.0014582320963214867
2025-11-21T05:30:00+05:30,1763683200000,0,-0.0001712602749047145
2025-11-21T17:25:00+05:30,1763726100000,0,-0.001694355301592802
2025-11-21T05:30:00+05:30,1763683200000,0,1.3545532904304885e-05
2025-11-21T17:25:00+05:30,1763726100000,0,-0.0014832914759667444
2025-11-21T17:25:00+05:30,1763726100000,0,-0.0027205256128518987
2025-11-21T16:30:00+05:30,1763722800000,0,-0.00027975091821673734
2025-11-21T16:30:00+05:30,1763722800000,0,-0.00011436903691479091
2025-11-21T16:30:00+05:30,1763722800000,0,-0.0006352863194057359
2025-11-21T16:30:00+05:30,1763722800000,0,-9.321266704807016e-07
2025-11-21T17:25:00+05:30,1763726100000,0,-0.009510118345484311
2025-11-21T16:30:00+05:30,1763722800000,0,-0.0033056426000309114
2025-11-21T16:30:00+05:30,1763722800000,0,-4.3900661614374137e-05
2025-11-21T05:30:00+05:30,1763683200000,0,-0.00017139174362120564
2025-11-21T16:30:00+05:30,1763722800000,0,-4.389999010083955e-05
2025-11-21T16:30:00+05:30,1763722800000,0,-9.386393720411478e-05
2025-11-21T16:30:00+05:30,1763722800000,0,-0.0033056428853407943
2025-11-21T05:30:00+05:30,1763683200000,0,-0.00017139290404580347
2025-11-21T05:30:00+05:30,1763683200000,0,-0.00017139290404580347
2025-11-21T17:25:00+05:30,1763726100000,0,-0.0023794011162461405
2025-11-21T16:30:00+05:30,1763722800000,0,-0.00028806969864851557
2025-11-21T17:25:00+05:30,1763726100000,0,-0.0028042859827455166
2025-11-21T05:30:00+05:30,1763683200000,0,-1.4960697776895785e-06
2025-11-21T17:25:00+05:30,1763726100000,0,-0.0025897044946568636
2025-11-21T17:25:00+05:30,1763726100000,0,-0.002502581940632459
2025-11-21T05:30:00+05:30,1763683200000,0,-0.00017139271620039264
2025-11-21T05:30:00+05:30,1763683200000,0,-5.89750743028129e-06
2025-11-21T05:30:00+05:30,1763683200000,0,3.305118935009431e-06
2025-11-21T17:25:00+05:30,1763726100000,0,-0.0014950742146273056
2025-11-21T17:25:00+05:30,1763726100000,0,-0.00023502829353031017
2025-11-21T05:30:00+05:30,1763683200000,0,-0.00017139166421588492
2025-11-21T16:30:00+05:30,1763722800000,0,-0.00330562862621211
2025-11-21T05:30:00+05:30,1763683200000,0,2.193313768060089e-07
2025-11-21T05:30:00+05:30,1763683200000,0,-0.00017139290404580347
2025-11-21T16:30:00+05:30,1763722800000,0,-9.92017925162593e-05
2025-11-21T17:25:00+05:30,1763726100000,0,-0.00204627091392358
2025-11-20T05:30:00+05:30,1763596800000,0,-0.00010985629545649781
2025-11-21T05:30:00+05:30,1763683200000,0,-1.1795888405883959e-05
2025-11-21T17:25:00+05:30,1763726100000,0,-0.018015802031951154
2025-11-21T17:25:00+05:30,1763726100000,0,-0.01800895168288964
2025-11-20T05:30:00+05:30,1763596800000,0,3.153131102092372e-06
2025-11-21T16:30:00+05:30,1763722800000,0,-0.003423601780129082
2025-11-21T16:30:00+05:30,1763722800000,0,0.00011668113438211937
2025-11-20T05:30:00+05:30,1763596800000,0,-0.00010985628129383507
2025-11-21T05:30:00+05:30,1763683200000,0,0.0001491406306458062
2025-11-21T05:30:00+05:30,1763683200000,0,0.0001491406981141766
2025-11-21T16:30:00+05:30,1763722800000,0,-0.00342366838703103
2025-11-21T16:30:00+05:30,1763722800000,0,-0.0034235366888580054
2025-11-21T17:25:00+05:30,1763726100000,0,-0.018007768737847967
2025-11-21T05:30:00+05:30,1763683200000,0,0.00014914027524852268
2025-11-21T05:30:00+05:30,1763683200000,0,0.00014914028477225398
2025-11-21T16:30:00+05:30,1763722800000,0,-0.0034235136546493126
2025-11-20T05:30:00+05:30,1763596800000,0,-0.00010985607542068444
2025-11-20T05:30:00+05:30,1763596800000,0,-0.00010985607179566211
2025-11-21T17:25:00+05:30,1763726100000,0,-0.018007768737847967
2025-11-21T17:25:00+05:30,1763726100000,0,0.0
2025-11-21T05:30:00+05:30,1763683200000,0,0.0
2025-11-21T16:30:00+05:30,1763722800000,0,-0.0034234566413077427
2025-11-20T05:30:00+05:30,1763596800000,0,-0.00010985601653592087
2025-11-21T17:25:00+05:30,1763726100000,0,-0.00020188519124494608
2025-11-21T16:30:00+05:30,1763722800000,0,3.2411649049605927e-06
2025-11-20T05:30:00+05:30,1763596800000,0,6.077388139969546e-07
2025-11-21T05:30:00+05:30,1763683200000,0,-2.9539762284326223e-06
2025-11-21T17:30:00+05:30,1763726400000,0,-0.0005673485943476357
2025-11-21T17:30:00+05:30,1763726400000,0,0.00020573212970272027
2025-11-21T17:30:00+05:30,1763726400000,0,0.00012810485875845799
2025-11-21T17:30:00+05:30,1763726400000,0,-0.0007184542647059436
2025-11-21T17:30:00+05:30,1763726400000,0,-0.0033899934780931146
2025-11-21T17:30:00+05:30,1763726400000,0,7.147687218804861e-05
2025-11-21T17:30:00+05:30,1763726400000,0,-0.0033899934780931146
2025-11-21T17:30:00+05:30,1763726400000,0,-0.004366833770053416
2025-11-21T17:30:00+05:30,1763726400000,0,-0.0016682540513609978
2025-11-21T17:30:00+05:30,1763726400000,0,-0.001456799729637199
2025-11-21T17:30:00+05:30,1763726400000,0,0.0008654475575276474
2025-11-21T17:30:00+05:30,1763726400000,0,0.0007403592998281215
2025-11-21T17:30:00+05:30,1763726400000,0,0.0001370626610386105
2025-11-21T17:30:00+05:30,1763726400000,0,-0.003390216169534491
2025-11-21T17:30:00+05:30,1763726400000,0,-0.0005344873040618345
2025-11-21T17:30:00+05:30,1763726400000,0,-0.0015776431234703738
2025-11-21T17:30:00+05:30,1763726400000,0,-0.0005586294881511706
2025-11-21T17:30:00+05:30,1763726400000,0,0.0006851750941997735
2025-11-21T17:30:00+05:30,1763726400000,0,-0.0033915057595430747
2025-11-21T17:35:00+05:30,1763726700000,0,-4.040702731533245e-05
2025-11-21T17:35:00+05:30,1763726700000,0,0.0010028102471620905
2025-11-21T17:35:00+05:30,1763726700000,0,0.000613183276277563
2025-11-21T17:35:00+05:30,1763726700000,0,-0.0005556301364545057
2025-11-21T17:35:00+05:30,1763726700000,0,-0.0019034383031833694
2025-11-21T17:35:00+05:30,1763726700000,0,-0.001902714537637392
2025-11-21T17:35:00+05:30,1763726700000,0,0.0006080551127594025
2025-11-21T17:35:00+05:30,1763726700000,0,0.00027455534136769334
2025-11-21T17:35:00+05:30,1763726700000,0,-0.0019025895549750116
2025-11-21T17:35:00+05:30,1763726700000,0,-0.0014855753083534559
2025-11-21T17:35:00+05:30,1763726700000,0,0.00020958251586372819
2025-11-21T17:35:00+05:30,1763726700000,0,-0.0013685771766940573
2025-11-21T17:35:00+05:30,1763726700000,0,0.000953818862578423
2025-11-21T17:35:00+05:30,1763726700000,0,-4.043097610598564e-05
2025-11-21T17:35:00+05:30,1763726700000,0,-5.908998754298051e-06
2025-11-21T17:35:00+05:30,1763726700000,0,3.0294998165412224e-05
2025-11-21T17:35:00+05:30,1763726700000,0,0.0001584881048102291
2025-11-21T17:35:00+05:30,1763726700000,0,-0.0019025895549750116
2025-11-21T17:35:00+05:30,1763726700000,0,-0.0001941318076825779
2025-11-21T17:40:00+05:30,1763727000000,0,-0.0008349695982556274
2025-11-21T17:40:00+05:30,1763727000000,0,5.221304061405928e-06
2025-11-21T17:40:00+05:30,1763727000000,0,-3.541557099990903e-05
2025-11-21T17:40:00+05:30,1763727000000,0,-2.583762213432053e-05
2025-11-21T17:40:00+05:30,1763727000000,0,-0.0004262764182623776
2025-11-21T17:40:00+05:30,1763727000000,0,-0.00045463520879864347
2025-11-21T17:40:00+05:30,1763727000000,0,0.0001782682316462718
2025-11-21T17:40:00+05:30,1763727000000,0,-1.2705380440020735e-05
2025-11-21T17:40:00+05:30,1763727000000,0,5.3010066177223255e-06
2025-11-21T17:40:00+05:30,1763727000000,0,-1.2705738147803956e-05
2025-11-21T17:40:00+05:30,1763727000000,0,-0.0002193673347748166
2025-11-21T17:40:00+05:30,1763727000000,0,-0.0006252686507877667
2025-11-21T17:40:00+05:30,1763727000000,0,-0.0027290367777314277
2025-11-21T17:40:00+05:30,1763727000000,0,-0.0018876803444112062
2025-11-21T17:40:00+05:30,1763727000000,0,-0.0017967866184506699
2025-11-21T17:40:00+05:30,1763727000000,0,-0.00016245677181871073
2025-11-21T17:40:00+05:30,1763727000000,0,0.000527581860995461
2025-11-21T17:40:00+05:30,1763727000000,0,-0.002727999085682191
2025-11-21T17:40:00+05:30,1763727000000,0,-0.00027228150342770504
2025-11-21T17:45:00+05:30,1763727300000,0,0.0015207105041092478
2025-11-21T17:45:00+05:30,1763727300000,0,-8.189454282836045e-05
2025-11-21T17:45:00+05:30,1763727300000,0,0.001006823379705466
2025-11-21T17:45:00+05:30,1763727300000,0,0.0010293619697946518
2025-11-21T17:45:00+05:30,1763727300000,0,-2.0180826631856935e-05
2025-11-21T17:45:00+05:30,1763727300000,0,0.0013487983803403259
2025-11-21T17:45:00+05:30,1763727300000,0,0.0017453603386577215
2025-11-21T17:45:00+05:30,1763727300000,0,2.213608326186422e-05
2025-11-21T17:45:00+05:30,1763727300000,0,-0.00032509314954299115
2025-11-21T17:45:00+05:30,1763727300000,0,0.0016330440937692506
2025-11-21T17:45:00+05:30,1763727300000,0,-1.9865394189905134e-05
2025-11-21T17:45:00+05:30,1763727300000,0,0.001557726256038722
2025-11-21T17:45:00+05:30,1763727300000,0,0.0015659282107776742
2025-11-21T17:45:00+05:30,1763727300000,0,-0.0002423511565015591
2025-11-21T17:45:00+05:30,1763727300000,0,0.0015712271051212846
2025-11-21T17:45:00+05:30,1763727300000,0,0.001595211691224485
2025-11-21T17:45:00+05:30,1763727300000,0,0.0015576824009868211
2025-11-21T17:45:00+05:30,1763727300000,0,0.0011425574130467708
2025-11-21T17:45:00+05:30,1763727300000,0,0.001633665280514162
2025-11-21T17:50:00+05:30,1763727600000,0,0.0005530054685787282
2025-11-21T17:50:00+05:30,1763727600000,0,-1.3570615468466015e-05
2025-11-21T17:50:00+05:30,1763727600000,0,-0.0010796830742548838
2025-11-21T17:50:00+05:30,1763727600000,0,-0.0010790098102253214
2025-11-21T17:50:00+05:30,1763727600000,0,0.00020630255533095289
2025-11-21T17:50:00+05:30,1763727600000,0,8.319044012632804e-05
2025-11-21T17:50:00+05:30,1763727600000,0,-7.113823109319964e-06
2025-11-21T17:50:00+05:30,1763727600000,0,0.0005583008947745149
2025-11-21T17:50:00+05:30,1763727600000,0,-4.686724835487391e-05
2025-11-21T17:50:00+05:30,1763727600000,0,0.0007190092598577249
2025-11-21T17:50:00+05:30,1763727600000,0,-0.000665040591361272
2025-11-21T17:50:00+05:30,1763727600000,0,-0.0006647877155701846
2025-11-21T17:50:00+05:30,1763727600000,0,0.0005817428524677062
2025-11-21T17:50:00+05:30,1763727600000,0,-0.0009912006443230416
2025-11-21T17:50:00+05:30,1763727600000,0,0.0003492380161198444
2025-11-21T17:50:00+05:30,1763727600000,0,0.0005223519603185157
2025-11-21T17:50:00+05:30,1763727600000,0,-0.001331260308342344
2025-11-21T17:50:00+05:30,1763727600000,0,-0.0010293495455024418
2025-11-21T17:50:00+05:30,1763727600000,0,0.0005729961377766782
2025-11-21T17:55:00+05:30,1763727900000,0,2.684237706743794e-05
2025-11-21T17:55:00+05:30,1763727900000,0,2.6826495853570626e-05
2025-11-21T17:55:00+05:30,1763727900000,0,-1.2938243438747719e-05
2025-11-21T17:55:00+05:30,1763727900000,0,2.6830940379231857e-05
2025-11-21T17:55:00+05:30,1763727900000,0,-4.042202232079681e-05
2025-11-21T17:55:00+05:30,1763727900000,0,2.7184430416873505e-05
2025-11-21T17:55:00+05:30,1763727900000,0,-1.3100217110663054e-05
2025-11-21T17:55:00+05:30,1763727900000,0,-0.00026987029659566493
2025-11-21T17:55:00+05:30,1763727900000,0,-0.002526529740214793
2025-11-21T17:55:00+05:30,1763727900000,0,2.6826802835462634e-05
2025-11-21T17:55:00+05:30,1763727900000,0,-0.002866695295848714
2025-11-21T17:55:00+05:30,1763727900000,0,-0.000404477465156342
2025-11-21T17:55:00+05:30,1763727900000,0,-0.0029785712538514092
2025-11-21T17:55:00+05:30,1763727900000,0,-0.003094521329579394
2025-11-21T17:55:00+05:30,1763727900000,0,-0.0040708079457812225
2025-11-21T17:55:00+05:30,1763727900000,0,-0.0024805761614377923
2025-11-21T17:55:00+05:30,1763727900000,0,-0.0023461605274682023
2025-11-21T17:55:00+05:30,1763727900000,0,-0.0041137113203337195
2025-11-21T17:55:00+05:30,1763727900000,0,-0.0024995825380425816
2025-11-21T18:00:00+05:30,1763728200000,0,-7.489367860229322e-05
2025-11-21T18:00:00+05:30,1763728200000,0,-0.00017879020411670234
2025-11-21T18:00:00+05:30,1763728200000,0,5.75308189445187e-05
2025-11-21T18:00:00+05:30,1763728200000,0,2.6826642094429428e-05
2025-11-21T18:00:00+05:30,1763728200000,0,0.0007490784643347085
2025-11-21T18:00:00+05:30,1763728200000,0,-0.0033614649499322338
2025-11-21T18:00:00+05:30,1763728200000,0,0.0007738462339899211
2025-11-21T18:00:00+05:30,1763728200000,0,5.7526235370999354e-05
2025-11-21T18:00:00+05:30,1763728200000,0,2.7177067545136162e-05
2025-11-21T18:00:00+05:30,1763728200000,0,0.000783534003168991
2025-11-21T18:00:00+05:30,1763728200000,0,0.000809522118334172
2025-11-21T18:00:00+05:30,1763728200000,0,-0.0017294225011216414
2025-11-21T18:00:00+05:30,1763728200000,0,0.0005140195191619112
2025-11-21T18:00:00+05:30,1763728200000,0,-0.0002663757116585088
2025-11-21T18:00:00+05:30,1763728200000,0,0.0004036029918240765
2025-11-21T18:00:00+05:30,1763728200000,0,5.750516579914338e-05
2025-11-21T18:00:00+05:30,1763728200000,0,-2.1155812773529123e-05
2025-11-21T18:00:00+05:30,1763728200000,0,0.0008096562372980468
2025-11-21T18:00:00+05:30,1763728200000,0,-0.002303348542257095
2025-11-21T18:05:00+05:30,1763728500000,0,-1.4180702535022273e-05
2025-11-21T18:05:00+05:30,1763728500000,0,8.011988465139592e-06
2025-11-21T18:05:00+05:30,1763728500000,0,0.0049434798339724985
2025-11-21T18:05:00+05:30,1763728500000,0,0.0007768550022203016
2025-11-21T18:05:00+05:30,1763728500000,0,7.911176071864688e-06
2025-11-21T18:05:00+05:30,1763728500000,0,0.00012217222138099747
2025-11-21T18:05:00+05:30,1763728500000,0,0.00425239997342029
2025-11-21T18:05:00+05:30,1763728500000,0,7.911272068124964e-06
2025-11-21T18:05:00+05:30,1763728500000,0,3.461865288610125e-05
2025-11-21T18:05:00+05:30,1763728500000,0,0.0001222442551703167
2025-11-21T18:05:00+05:30,1763728500000,0,0.00473851579540694
2025-11-21T18:05:00+05:30,1763728500000,0,8.720392763598632e-05
2025-11-21T18:05:00+05:30,1763728500000,0,0.003891531879078088
2025-11-21T18:05:00+05:30,1763728500000,0,0.004881743657216765
2025-11-21T18:05:00+05:30,1763728500000,0,0.004942660950151532
2025-11-21T18:05:00+05:30,1763728500000,0,0.00012059018745645537
2025-11-21T18:05:00+05:30,1763728500000,0,0.0024668681795928823
2025-11-21T18:05:00+05:30,1763728500000,0,0.004253958029041124
2025-11-21T18:05:00+05:30,1763728500000,0,0.004218561357221796
2025-11-21T18:10:00+05:30,1763728800000,0,0.00012418734160638646
2025-11-21T18:10:00+05:30,1763728800000,0,2.1901813465574946e-05
2025-11-21T18:10:00+05:30,1763728800000,0,5.1090566421096225e-05
2025-11-21T18:10:00+05:30,1763728800000,0,-0.00015802261159813405
2025-11-21T18:10:00+05:30,1763728800000,0,6.215740911915906e-05
2025-11-21T18:10:00+05:30,1763728800000,0,-0.0005668175143416077
2025-11-21T18:10:00+05:30,1763728800000,0,0.004217906562553212
2025-11-21T18:10:00+05:30,1763728800000,0,5.1768563246460855e-05
2025-11-21T18:10:00+05:30,1763728800000,0,5.47421443600845e-05
2025-11-21T18:10:00+05:30,1763728800000,0,0.0017349875532181329
2025-11-21T18:10:00+05:30,1763728800000,0,-0.00536398446759222
2025-11-21T18:10:00+05:30,1763728800000,0,2.1888840196162963e-05
2025-11-21T18:10:00+05:30,1763728800000,0,2.1901547706520284e-05
2025-11-21T18:10:00+05:30,1763728800000,0,0.004217207869414285
2025-11-21T18:10:00+05:30,1763728800000,0,0.0040417772429716505
2025-11-21T18:10:00+05:30,1763728800000,0,-0.0006386852410030093
2025-11-21T18:10:00+05:30,1763728800000,0,-0.0007271886828564513
2025-11-21T18:10:00+05:30,1763728800000,0,0.0034785875477134636
2025-11-21T18:10:00+05:30,1763728800000,0,0.003519766096982017
2025-11-21T18:15:00+05:30,1763729100000,0,0.0010828428669693716
2025-11-21T18:15:00+05:30,1763729100000,0,4.810601960274893e-05
2025-11-21T18:15:00+05:30,1763729100000,0,4.329025154056253e-05
2025-11-21T18:15:00+05:30,1763729100000,0,0.00017916822788792145
2025-11-21T18:15:00+05:30,1763729100000,0,4.8095960657534356e-05
2025-11-21T18:15:00+05:30,1763729100000,0,0.000716935743896647
2025-11-21T18:15:00+05:30,1763729100000,0,4.3793422818652065e-05
2025-11-21T18:15:00+05:30,1763729100000,0,-0.002344456865332906
2025-11-21T18:15:00+05:30,1763729100000,0,2.8558802814807122e-05
2025-11-21T18:15:00+05:30,1763729100000,0,6.269422384683588e-05
2025-11-21T18:15:00+05:30,1763729100000,0,-0.0023483307259107643
2025-11-21T18:15:00+05:30,1763729100000,0,0.0007148780992562047
2025-11-21T18:15:00+05:30,1763729100000,0,-0.0030060675718671915
2025-11-21T18:15:00+05:30,1763729100000,0,0.0018508677347044014
2025-11-21T18:15:00+05:30,1763729100000,0,-0.0023022210427594884
2025-11-21T18:15:00+05:30,1763729100000,0,-0.002317575366340639
2025-11-21T18:15:00+05:30,1763729100000,0,-0.002345817933787494
2025-11-21T18:15:00+05:30,1763729100000,0,-0.00769975188041553
2025-11-21T18:15:00+05:30,1763729100000,0,-0.0023047866869490997
2025-11-21T18:20:00+05:30,1763729400000,0,5.184244842381089e-05
2025-11-21T18:20:00+05:30,1763729400000,0,6.676796433672506e-05
2025-11-21T18:20:00+05:30,1763729400000,0,0.0008044306986167118
2025-11-21T18:20:00+05:30,1763729400000,0,0.005083851756491619
2025-11-21T18:20:00+05:30,1763729400000,0,0.00019712712050578283
2025-11-21T18:20:00+05:30,1763729400000,0,0.0032999738418150993
2025-11-21T18:20:00+05:30,1763729400000,0,5.265984330408102e-05
2025-11-21T18:20:00+05:30,1763729400000,0,0.0033251526427065755
2025-11-21T18:20:00+05:30,1763729400000,0,0.0034163360707142876
2025-11-21T18:20:00+05:30,1763729400000,0,0.0008047735871980826
2025-11-21T18:20:00+05:30,1763729400000,0,0.003350231376458072
2025-11-21T18:20:00+05:30,1763729400000,0,0.00017023643599023406
2025-11-21T18:20:00+05:30,1763729400000,0,0.0033927868012523766
2025-11-21T18:20:00+05:30,1763729400000,0,6.672922485540093e-05
2025-11-21T18:20:00+05:30,1763729400000,0,0.003943885728246791
2025-11-21T18:20:00+05:30,1763729400000,0,0.0012774746555874665
2025-11-21T18:20:00+05:30,1763729400000,0,0.0009136389397525162
2025-11-21T18:20:00+05:30,1763729400000,0,0.0012969751471279486
2025-11-21T18:20:00+05:30,1763729400000,0,0.0033920773711885216
2025-11-21T18:25:00+05:30,1763729700000,0,0.0003719314474430288
2025-11-21T18:25:00+05:30,1763729700000,0,0.0037090460331767306
2025-11-21T18:25:00+05:30,1763729700000,0,0.0003736798797423948
2025-11-21T18:25:00+05:30,1763729700000,0,0.00011669574134290073
2025-11-21T18:25:00+05:30,1763729700000,0,0.0010627291749163129
2025-11-21T18:25:00+05:30,1763729700000,0,0.0037082704734618718
2025-11-21T18:25:00+05:30,1763729700000,0,-2.785487668479627e-05
2025-11-21T18:25:00+05:30,1763729700000,0,0.005396356030421986
2025-11-21T18:25:00+05:30,1763729700000,0,0.003639885226941411
2025-11-21T18:25:00+05:30,1763729700000,0,4.604912671861422e-05
2025-11-21T18:25:00+05:30,1763729700000,0,0.0012243978352915231
2025-11-21T18:25:00+05:30,1763729700000,0,0.0010631821632219496
2025-11-21T17:30:00+05:30,1763726400000,0,-5.8282762806779326e-05
2025-11-21T17:30:00+05:30,1763726400000,0,-0.0026547322631828934
2025-11-21T17:30:00+05:30,1763726400000,0,2.3389738940813408e-05
2025-11-21T17:30:00+05:30,1763726400000,0,-0.0006564150710417294
2025-11-21T17:30:00+05:30,1763726400000,0,2.3704897810422814e-05
2025-11-21T17:30:00+05:30,1763726400000,0,-0.00015246731624023058
2025-11-21T17:30:00+05:30,1763726400000,0,-0.00017204303672272618
2025-11-21T17:30:00+05:30,1763726400000,0,-0.00033917577340523064
2025-11-21T17:30:00+05:30,1763726400000,0,-0.0003467660587755828
2025-11-21T17:30:00+05:30,1763726400000,0,-0.00015791687432457237
2025-11-21T17:30:00+05:30,1763726400000,0,-0.0020619822027093918
2025-11-21T17:30:00+05:30,1763726400000,0,-0.00010217544567423037
2025-11-21T17:30:00+05:30,1763726400000,0,-0.002062022319012401
2025-11-21T17:30:00+05:30,1763726400000,0,-0.002061894787850496
2025-11-21T18:25:00+05:30,1763729700000,0,0.000357785950398307
2025-11-21T18:25:00+05:30,1763729700000,0,0.0003734630667113807
2025-11-21T18:25:00+05:30,1763729700000,0,0.0015847326800787981
2025-11-21T18:25:00+05:30,1763729700000,0,0.0036135354575701074
2025-11-21T17:30:00+05:30,1763726400000,0,7.035462089959283e-06
2025-11-21T18:25:00+05:30,1763729700000,0,0.003728401352457611
2025-11-21T17:30:00+05:30,1763726400000,0,-0.0026547320340530763
2025-11-21T17:30:00+05:30,1763726400000,0,-0.002654720811804062
2025-11-21T17:30:00+05:30,1763726400000,0,-5.5465440580647965e-05
2025-11-21T17:30:00+05:30,1763726400000,0,-1.9174511792224373e-05
2025-11-21T18:25:00+05:30,1763729700000,0,0.00425495129206912
2025-11-21T18:25:00+05:30,1763729700000,0,0.0016089234271019482
2025-11-22T12:35:00+05:30,1763795100000,0,8.585940456619197e-06
2025-11-22T11:30:00+05:30,1763791200000,0,1.7508311897759463e-05
2025-11-21T17:30:00+05:30,1763726400000,0,-8.612531507784206e-06
2025-11-21T05:30:00+05:30,1763683200000,0,1.8355584792596144e-07
2025-11-22T12:40:00+05:30,1763795400000,0,4.376046336626004e-05
2025-11-22T12:40:00+05:30,1763795400000,0,9.797256729301362e-05
2025-11-21T05:30:00+05:30,1763683200000,0,2.6773593023732336e-06
2025-11-21T17:30:00+05:30,1763726400000,0,-7.277387049386279e-06
2025-11-22T11:30:00+05:30,1763791200000,0,-1.0050676329766882e-05
2025-11-22T11:30:00+05:30,1763791200000,0,-1.84154465644704e-05
2025-11-22T12:40:00+05:30,1763795400000,0,4.379109136808039e-05
2025-11-21T05:30:00+05:30,1763683200000,0,-4.257633065289388e-07
2025-11-21T17:30:00+05:30,1763726400000,0,1.9747840877470894e-05
2025-11-22T12:45:00+05:30,1763795700000,0,-0.00013394656431289025
2025-11-22T12:45:00+05:30,1763795700000,0,5.3278807006946464e-05
2025-11-22T12:45:00+05:30,1763795700000,0,-0.0005963138228811046
2025-11-22T12:45:00+05:30,1763795700000,0,-0.0013539358532963057
2025-11-22T11:30:00+05:30,1763791200000,0,-1.0049849055791013e-05
2025-11-21T05:30:00+05:30,1763683200000,0,-2.9014042053886316e-06
2025-11-21T17:30:00+05:30,1763726400000,0,5.633798899408011e-07
2025-11-22T12:50:00+05:30,1763796000000,0,0.0019978691652923447
2025-11-22T12:50:00+05:30,1763796000000,0,0.0018157599991075626
2025-11-22T12:50:00+05:30,1763796000000,0,0.002177695137808965
2025-11-22T12:50:00+05:30,1763796000000,0,0.0013452903881150538
2025-11-22T11:30:00+05:30,1763791200000,0,-1.8413958979211597e-05
2025-11-22T12:45:00+05:30,1763795700000,0,-4.284465670206558e-05
2025-11-21T05:30:00+05:30,1763683200000,0,-1.3725032530665213e-07
2025-11-21T17:30:00+05:30,1763726400000,0,-8.61224534135711e-06
2025-11-22T12:50:00+05:30,1763796000000,0,5.509719128220542e-05
2025-11-22T12:55:00+05:30,1763796300000,0,0.0028183547480260707
2025-11-22T12:55:00+05:30,1763796300000,0,0.002154082455968776
2025-11-22T12:55:00+05:30,1763796300000,0,1.0590214626162417e-05
2025-11-22T12:55:00+05:30,1763796300000,0,-5.713986918262548e-05
2025-11-22T12:55:00+05:30,1763796300000,0,0.0027870004925161095
2025-11-22T11:30:00+05:30,1763791200000,0,-1.569716275270115e-05
2025-11-22T12:55:00+05:30,1763796300000,0,0.001341540260424295
2025-11-21T17:30:00+05:30,1763726400000,0,7.553046867163436e-06
2025-11-21T05:30:00+05:30,1763683200000,0,2.677329473808557e-06
2025-11-22T13:00:00+05:30,1763796600000,0,0.001892012918144589
2025-11-22T13:00:00+05:30,1763796600000,0,-8.13785635354135e-05
2025-11-22T13:00:00+05:30,1763796600000,0,-8.972622514398753e-05
2025-11-22T13:00:00+05:30,1763796600000,0,0.0019493412448061533
2025-11-22T13:00:00+05:30,1763796600000,0,0.0014637812470494524
2025-11-22T13:00:00+05:30,1763796600000,0,-0.0008589518532462836
2025-11-22T13:05:00+05:30,1763796900000,0,2.4985099308667496e-05
2025-11-22T13:05:00+05:30,1763796900000,0,0.0015381719716837713
2025-11-22T13:05:00+05:30,1763796900000,0,0.0015868473848942985
2025-11-22T13:05:00+05:30,1763796900000,0,1.7245825732775103e-05
2025-11-22T13:05:00+05:30,1763796900000,0,0.0007528083948784518
2025-11-22T13:05:00+05:30,1763796900000,0,0.0035645544472431606
2025-11-22T13:10:00+05:30,1763797200000,0,0.0019026524226968386
2025-11-22T13:10:00+05:30,1763797200000,0,-4.8462472448483856e-05
2025-11-22T13:10:00+05:30,1763797200000,0,-0.0016466314685237495
2025-11-22T13:10:00+05:30,1763797200000,0,-0.0009127947933427377
2025-11-22T13:10:00+05:30,1763797200000,0,-0.0009456700450453558
2025-11-22T13:10:00+05:30,1763797200000,0,-6.783018970609671e-07
2025-11-22T13:15:00+05:30,1763797500000,0,1.2824341596786567e-05
2025-11-22T13:15:00+05:30,1763797500000,0,0.0001817601786556768
2025-11-22T13:15:00+05:30,1763797500000,0,0.00018423614836582457
2025-11-22T13:15:00+05:30,1763797500000,0,-0.0008986434491827081
2025-11-22T13:15:00+05:30,1763797500000,0,0.0019490949495899218
2025-11-22T13:15:00+05:30,1763797500000,0,-2.1766081305178955e-06
2025-11-22T13:20:00+05:30,1763797800000,0,1.5224536010973855e-05
2025-11-22T13:20:00+05:30,1763797800000,0,0.0009662174176375255
2025-11-22T13:20:00+05:30,1763797800000,0,0.0016284624968995554
2025-11-22T13:20:00+05:30,1763797800000,0,0.0024407598590801016
2025-11-22T13:20:00+05:30,1763797800000,0,0.0024665900619493778
2025-11-22T13:20:00+05:30,1763797800000,0,0.004399871377439778
2025-11-22T16:25:00+05:30,1763808900000,0,-0.0017953778473266237
2025-11-22T15:30:00+05:30,1763805600000,0,-7.205506801439159e-05
2025-11-21T17:30:00+05:30,1763726400000,0,-3.649807474459292e-06
2025-11-22T16:30:00+05:30,1763809200000,0,-0.00017807803107717482
2025-11-22T15:30:00+05:30,1763805600000,0,-0.00034644586911451356
2025-11-21T17:30:00+05:30,1763726400000,0,-1.1315008927789136e-05
2025-11-21T05:30:00+05:30,1763683200000,0,-5.627754045154202e-06
2025-11-22T16:30:00+05:30,1763809200000,0,-0.0012996974216496805
2025-11-22T15:30:00+05:30,1763805600000,0,9.016439166203263e-05
2025-11-21T05:30:00+05:30,1763683200000,0,-1.9871308211996002e-06
2025-11-21T17:30:00+05:30,1763726400000,0,8.15054978437077e-05
2025-11-22T16:35:00+05:30,1763809500000,0,-0.00038693808601628424
2025-11-22T16:50:00+05:30,1763810400000,0,0.029448062321929088
2025-11-22T15:30:00+05:30,1763805600000,0,-7.194918149676338e-05
2025-11-21T17:30:00+05:30,1763726400000,0,3.1168608424764526e-05
2025-11-21T05:30:00+05:30,1763683200000,0,2.893062923570999e-07
2025-11-22T16:55:00+05:30,1763810700000,0,0.00022840405013678345
2025-11-22T17:00:00+05:30,1763811000000,0,0.002355886120958436
2025-11-22T17:00:00+05:30,1763811000000,0,0.0013415848460135154
2025-11-21T05:30:00+05:30,1763683200000,0,2.200151071331465e-05
2025-11-21T17:30:00+05:30,1763726400000,0,4.422965364107366e-05
2025-11-22T15:30:00+05:30,1763805600000,0,2.641094399650263e-05
2025-11-22T17:05:00+05:30,1763811300000,0,0.0008706896246495288
2025-11-22T17:05:00+05:30,1763811300000,0,0.0014889601102750715
2025-11-22T17:10:00+05:30,1763811600000,0,0.000368595479613815
2025-11-22T17:10:00+05:30,1763811600000,0,0.00019999174757792
2025-11-22T17:15:00+05:30,1763811900000,0,0.0017850812569676104
2025-11-22T17:15:00+05:30,1763811900000,0,0.0014263647847333565
2025-11-22T15:30:00+05:30,1763805600000,0,-0.00032697366851355174
2025-11-22T17:15:00+05:30,1763811900000,0,-0.01497198923117935
2025-11-21T17:30:00+05:30,1763726400000,0,-9.98368378518858e-06
2025-11-21T05:30:00+05:30,1763683200000,0,-1.9847811084138446e-05
2025-11-22T17:20:00+05:30,1763812200000,0,-0.004139568378646948
2025-11-22T17:20:00+05:30,1763812200000,0,-0.004063250039684837
2025-11-22T17:20:00+05:30,1763812200000,0,-0.00011329226249356288
2025-11-22T16:30:00+05:30,1763809200000,0,0.0009079055172178354
2025-11-22T17:25:00+05:30,1763812500000,0,0.0012989810745609432
2025-11-22T17:25:00+05:30,1763812500000,0,-0.003684972029669079
2025-11-22T17:25:00+05:30,1763812500000,0,0.00036446680911027637
2025-11-22T05:30:00+05:30,1763769600000,0,-5.339095701500059e-05
2025-11-22T05:30:00+05:30,1763769600000,0,1.681456970030184e-05
2025-11-22T05:30:00+05:30,1763769600000,0,4.9016053508820755e-06
2025-11-22T16:30:00+05:30,1763809200000,0,-0.00033593702159650656
2025-11-22T16:30:00+05:30,1763809200000,0,-0.00011550759740415044
2025-11-22T17:30:00+05:30,1763812800000,0,-0.0004624185772045426
2025-11-22T17:30:00+05:30,1763812800000,0,0.0013720082487421435
2025-11-22T17:30:00+05:30,1763812800000,0,-0.0016453617413915262
2025-11-22T17:35:00+05:30,1763813100000,0,0.0027739184908943553
2025-11-22T17:35:00+05:30,1763813100000,0,-0.0016990492438128826
2025-11-22T17:35:00+05:30,1763813100000,0,0.00021523829680651914
2025-11-21T05:30:00+05:30,1763683200000,0,1.249311961580983e-05
2025-11-22T05:30:00+05:30,1763769600000,0,-1.0502528687085207e-05
2025-11-22T17:35:00+05:30,1763813100000,0,0.03917625481728059
2025-11-22T16:30:00+05:30,1763809200000,0,-1.586375517451624e-05
2025-11-22T17:40:00+05:30,1763813400000,0,-0.00043264229402150057
2025-11-22T17:40:00+05:30,1763813400000,0,-0.010307007231480857
2025-11-22T17:40:00+05:30,1763813400000,0,0.00021523829680651914
2025-11-22T17:40:00+05:30,1763813400000,0,0.0002415909571319737
2025-11-22T17:45:00+05:30,1763813700000,0,-0.0021074345312635787
2025-11-22T17:45:00+05:30,1763813700000,0,-0.0003543723193231673
2025-11-22T17:45:00+05:30,1763813700000,0,-0.002023198618501817
2025-11-22T17:45:00+05:30,1763813700000,0,-0.001747729472392657
2025-11-25T18:00:00+05:30,1764073800000,0,0.0004867268731364312
2025-11-25T16:30:00+05:30,1764068400000,0,0.0001857298211607761
2025-11-24T05:30:00+05:30,1763942400000,0,5.772328098875013e-06
2025-11-25T05:30:00+05:30,1764028800000,0,-1.3755560426789775e-05
2025-11-25T18:05:00+05:30,1764074100000,0,6.591825108316091e-06
2025-11-25T18:10:00+05:30,1764074400000,0,-0.0007760292870320054
