ts_iso,ts,side,qty,mid_price,fill_price,notional_usd,intended_notional,target_pos,paper_qty,paper_avg_px,realized_pnl,unrealized_pnl,fee,impact,equity,raw
2025-11-21T12:45:00+05:30,1763709300000,BUY,0.010862,85486.8,85503.89736,928.7433331243201,928.6257345681722,0.03714502938272689,0.010862,85503.89736,-5.508376708760342,0.0,0.46437166656216006,5.044005042198182,9994.30591176692,"{""dry_run"": true, ""side"": ""BUY"", ""qty"": 0.010862, ""price"": 85503.89736, ""mid_price"": 85486.8, ""exch_qty"": 0.0, ""target_qty"": 0.010862796765912073, ""delta_qty"": 0.010862796765912073, ""paper_qty"": 0.010862, ""paper_avg_px"": 85503.89736, ""realized_pnl"": -5.508376708760342, ""unrealized_pnl"": 0.0, ""fee"": 0.46437166656216006, ""impact"": 5.044005042198182}"
2025-11-21T16:10:00+05:30,1763721600000,BUY,0.011252,82525.6,82542.10512000001,928.7637668102401,928.6257345681722,0.03714502938272689,0.011252,82542.10512000001,-5.689606835479531,0.0,0.46438188340512004,5.225224952074411,9994.12467755428,"{""dry_run"": true, ""side"": ""BUY"", ""qty"": 0.011252, ""price"": 82542.10512000001, ""mid_price"": 82525.6, ""exch_qty"": 0.0, ""target_qty"": 0.01125257780092689, ""delta_qty"": 0.01125257780092689, ""paper_qty"": 0.011252, ""paper_avg_px"": 82542.10512000001, ""realized_pnl"": -5.689606835479531, ""unrealized_pnl"": 0.0, ""fee"": 0.46438188340512004, ""impact"": 5.225224952074411}"
2025-11-21T16:15:00+05:30,1763721900000,BUY,0.009217,82418.5,82434.9837,759.8032447628999,759.6568377996904,0.030386273511987617,0.009217,82434.9837,-3.881454875871274,0.0,0.37990162238145,3.501553253489824,9995.966614861229,"{""dry_run"": true, ""side"": ""BUY"", ""qty"": 0.009217, ""price"": 82434.9837, ""mid_price"": 82418.5, ""exch_qty"": 0.0, ""target_qty"": 0.00921706701529014, ""delta_qty"": 0.00921706701529014, ""paper_qty"": 0.009217, ""paper_avg_px"": 82434.9837, ""realized_pnl"": -3.881454875871274, ""unrealized_pnl"": 0.0, ""fee"": 0.37990162238145, ""impact"": 3.501553253489824}"
2025-11-21T16:15:00+05:30,1763721900000,BUY,0.009217,82418.5,82434.9837,759.8032447628999,759.6568377996904,0.030386273511987617,0.009217,82434.9837,-3.881454875871274,0.0,0.37990162238145,3.501553253489824,9995.966614861229,"{""dry_run"": true, ""side"": ""BUY"", ""qty"": 0.009217, ""price"": 82434.9837, ""mid_price"": 82418.5, ""exch_qty"": 0.0, ""target_qty"": 0.00921706701529014, ""delta_qty"": 0.00921706701529014, ""paper_qty"": 0.009217, ""paper_avg_px"": 82434.9837, ""realized_pnl"": -3.881454875871274, ""unrealized_pnl"": 0.0, ""fee"": 0.37990162238145, ""impact"": 3.501553253489824}"
2025-11-21T16:15:00+05:30,1763721900000,BUY,0.009217,82418.5,82434.9837,759.8032447628999,759.6568377996904,0.030386273511987617,0.009217,82434.9837,-3.881454875871274,0.0,0.37990162238145,3.501553253489824,9995.966614861229,"{""dry_run"": true, ""side"": ""BUY"", ""qty"": 0.009217, ""price"": 82434.9837, ""mid_price"": 82418.5, ""exch_qty"": 0.0, ""target_qty"": 0.00921706701529014, ""delta_qty"": 0.00921706701529014, ""paper_qty"": 0.009217, ""paper_avg_px"": 82434.9837, ""realized_pnl"": -3.881454875871274, ""unrealized_pnl"": 0.0, ""fee"": 0.37990162238145, ""impact"": 3.501553253489824}"
2025-11-21T16:15:00+05:30,1763721900000,BUY,0.009217,82418.5,82434.9837,759.8032447628999,759.6568377996904,0.030386273511987617,0.009217,82434.9837,-3.881454875871274,0.0,0.37990162238145,3.501553253489824,9995.966614861229,"{""dry_run"": true, ""side"": ""BUY"", ""qty"": 0.009217, ""price"": 82434.9837, ""mid_price"": 82418.5, ""exch_qty"": 0.0, ""target_qty"": 0.00921706701529014, ""delta_qty"": 0.00921706701529014, ""paper_qty"": 0.009217, ""paper_avg_px"": 82434.9837, ""realized_pnl"": -3.881454875871274, ""unrealized_pnl"": 0.0, ""fee"": 0.37990162238145, ""impact"": 3.501553253489824}"
2025-11-21T16:15:00+05:30,1763721900000,BUY,0.009217,82418.5,82434.9837,759.8032447628999,759.6568377996904,0.030386273511987617,0.009217,82434.9837,-3.881454875871274,0.0,0.37990162238145,3.501553253489824,9995.966614861229,"{""dry_run"": true, ""side"": ""BUY"", ""qty"": 0.009217, ""price"": 82434.9837, ""mid_price"": 82418.5, ""exch_qty"": 0.0, ""target_qty"": 0.00921706701529014, ""delta_qty"": 0.00921706701529014, ""paper_qty"": 0.009217, ""paper_avg_px"": 82434.9837, ""realized_pnl"": -3.881454875871274, ""unrealized_pnl"": 0.0, ""fee"": 0.37990162238145, ""impact"": 3.501553253489824}"
2025-11-21T16:10:00+05:30,1763721600000,BUY,0.009831999999999999,82525.6,82542.10512000001,811.5539775398399,811.4501305018445,0.03245800522007378,0.009831999999999999,82542.10512000001,-4.395376342355773,0.0,0.40577698876991997,3.9895993535858527,9995.442345317804,"{""dry_run"": true, ""side"": ""BUY"", ""qty"": 0.009831999999999999, ""price"": 82542.10512000001, ""mid_price"": 82525.6, ""exch_qty"": 0.0, ""target_qty"": 0.009832708038497683, ""delta_qty"": 0.009832708038497683, ""paper_qty"": 0.009831999999999999, ""paper_avg_px"": 82542.10512000001, ""realized_pnl"": -4.395376342355773, ""unrealized_pnl"": 0.0, ""fee"": 0.40577698876991997, ""impact"": 3.9895993535858527}"
2025-11-21T16:15:00+05:30,1763721900000,BUY,0.011267,82418.5,82434.9837,928.7949613478999,928.6257345681722,0.03714502938272689,0.011267,82434.9837,-5.696763895427344,0.0,0.4643974806739499,5.232366414753394,9994.117514256674,"{""dry_run"": true, ""side"": ""BUY"", ""qty"": 0.011267, ""price"": 82434.9837, ""mid_price"": 82418.5, ""exch_qty"": 0.0, ""target_qty"": 0.011267200137932287, ""delta_qty"": 0.011267200137932287, ""paper_qty"": 0.011267, ""paper_avg_px"": 82434.9837, ""realized_pnl"": -5.696763895427344, ""unrealized_pnl"": 0.0, ""fee"": 0.4643974806739499, ""impact"": 5.232366414753394}"
2025-11-21T16:15:00+05:30,1763721900000,BUY,0.011267,82418.5,82434.9837,928.7949613478999,928.6257345681722,0.03714502938272689,0.011267,82434.9837,-5.696763895427344,0.0,0.4643974806739499,5.232366414753394,9994.117514256674,"{""dry_run"": true, ""side"": ""BUY"", ""qty"": 0.011267, ""price"": 82434.9837, ""mid_price"": 82418.5, ""exch_qty"": 0.0, ""target_qty"": 0.011267200137932287, ""delta_qty"": 0.011267200137932287, ""paper_qty"": 0.011267, ""paper_avg_px"": 82434.9837, ""realized_pnl"": -5.696763895427344, ""unrealized_pnl"": 0.0, ""fee"": 0.4643974806739499, ""impact"": 5.232366414753394}"
2025-11-21T16:15:00+05:30,1763721900000,BUY,0.011267,82418.5,82434.9837,928.7949613478999,928.6257345681722,0.03714502938272689,0.011267,82434.9837,-5.696763895427344,0.0,0.4643974806739499,5.232366414753394,9994.117514256674,"{""dry_run"": true, ""side"": ""BUY"", ""qty"": 0.011267, ""price"": 82434.9837, ""mid_price"": 82418.5, ""exch_qty"": 0.0, ""target_qty"": 0.011267200137932287, ""delta_qty"": 0.011267200137932287, ""paper_qty"": 0.011267, ""paper_avg_px"": 82434.9837, ""realized_pnl"": -5.696763895427344, ""unrealized_pnl"": 0.0, ""fee"": 0.4643974806739499, ""impact"": 5.232366414753394}"
2025-11-21T16:15:00+05:30,1763721900000,BUY,0.009840999999999999,82418.5,82434.9837,811.2426745916999,811.1574730340094,0.032446298921360375,0.009840999999999999,82434.9837,-4.39734091762431,0.0,0.40562133729585,3.9917195803284593,9995.440442990675,"{""dry_run"": true, ""side"": ""BUY"", ""qty"": 0.009840999999999999, ""price"": 82434.9837, ""mid_price"": 82418.5, ""exch_qty"": 0.0, ""target_qty"": 0.009841934432609297, ""delta_qty"": 0.009841934432609297, ""paper_qty"": 0.009840999999999999, ""paper_avg_px"": 82434.9837, ""realized_pnl"": -4.39734091762431, ""unrealized_pnl"": 0.0, ""fee"": 0.40562133729585, ""impact"": 3.9917195803284593}"
2025-11-21T17:15:00+05:30,1763725500000,BUY,0.009234,82260.7,82277.15213999999,759.7472228607598,759.6568377996904,0.030386273511987617,0.009234,82277.15213999999,-3.8876265393785077,0.0,0.37987361143037995,3.5077529279481277,9995.960454399861,"{""dry_run"": true, ""side"": ""BUY"", ""qty"": 0.009234, ""price"": 82277.15213999999, ""mid_price"": 82260.7, ""exch_qty"": 0.0, ""target_qty"": 0.009234748036421893, ""delta_qty"": 0.009234748036421893, ""paper_qty"": 0.009234, ""paper_avg_px"": 82277.15213999999, ""realized_pnl"": -3.8876265393785077, ""unrealized_pnl"": 0.0, ""fee"": 0.37987361143037995, ""impact"": 3.5077529279481277}"
2025-11-21T17:25:00+05:30,1763726100000,BUY,0.011286,82279.1,82295.55582000001,928.7876429845201,928.6257345681722,0.03714502938272689,0.011286,82295.55582000001,-5.705542490853906,0.0,0.46439382149226005,5.241148669361646,9994.108737124627,"{""dry_run"": true, ""side"": ""BUY"", ""qty"": 0.011286, ""price"": 82295.55582000001, ""mid_price"": 82279.1, ""exch_qty"": 0.0, ""target_qty"": 0.011286289404820569, ""delta_qty"": 0.011286289404820569, ""paper_qty"": 0.011286, ""paper_avg_px"": 82295.55582000001, ""realized_pnl"": -5.705542490853906, ""unrealized_pnl"": 0.0, ""fee"": 0.46439382149226005, ""impact"": 5.241148669361646}"
2025-11-21T17:25:00+05:30,1763726100000,BUY,0.011286,82279.1,82295.55582000001,928.7876429845201,928.6257345681722,0.03714502938272689,0.011286,82295.55582000001,-5.705542490853906,0.0,0.46439382149226005,5.241148669361646,9994.108737124627,"{""dry_run"": true, ""side"": ""BUY"", ""qty"": 0.011286, ""price"": 82295.55582000001, ""mid_price"": 82279.1, ""exch_qty"": 0.0, ""target_qty"": 0.011286289404820569, ""delta_qty"": 0.011286289404820569, ""paper_qty"": 0.011286, ""paper_avg_px"": 82295.55582000001, ""realized_pnl"": -5.705542490853906, ""unrealized_pnl"": 0.0, ""fee"": 0.46439382149226005, ""impact"": 5.241148669361646}"
2025-11-21T17:25:00+05:30,1763726100000,BUY,0.011286,82279.1,82295.55582000001,928.7876429845201,928.6257345681722,0.03714502938272689,0.011286,82295.55582000001,-5.705542490853906,0.0,0.46439382149226005,5.241148669361646,9994.108737124627,"{""dry_run"": true, ""side"": ""BUY"", ""qty"": 0.011286, ""price"": 82295.55582000001, ""mid_price"": 82279.1, ""exch_qty"": 0.0, ""target_qty"": 0.011286289404820569, ""delta_qty"": 0.011286289404820569, ""paper_qty"": 0.011286, ""paper_avg_px"": 82295.55582000001, ""realized_pnl"": -5.705542490853906, ""unrealized_pnl"": 0.0, ""fee"": 0.46439382149226005, ""impact"": 5.241148669361646}"
2025-11-21T17:25:00+05:30,1763726100000,BUY,0.011286,82279.1,82295.55582000001,928.7876429845201,928.6257345681722,0.03714502938272689,0.011286,82295.55582000001,-5.705542490853906,0.0,0.46439382149226005,5.241148669361646,9994.108737124627,"{""dry_run"": true, ""side"": ""BUY"", ""qty"": 0.011286, ""price"": 82295.55582000001, ""mid_price"": 82279.1, ""exch_qty"": 0.0, ""target_qty"": 0.011286289404820569, ""delta_qty"": 0.011286289404820569, ""paper_qty"": 0.011286, ""paper_avg_px"": 82295.55582000001, ""realized_pnl"": -5.705542490853906, ""unrealized_pnl"": 0.0, ""fee"": 0.46439382149226005, ""impact"": 5.241148669361646}"
2025-11-21T17:25:00+05:30,1763726100000,BUY,0.011286,82279.1,82295.55582000001,928.7876429845201,928.6257345681722,0.03714502938272689,0.011286,82295.55582000001,-5.705542490853906,0.0,0.46439382149226005,5.241148669361646,9994.108737124627,"{""dry_run"": true, ""side"": ""BUY"", ""qty"": 0.011286, ""price"": 82295.55582000001, ""mid_price"": 82279.1, ""exch_qty"": 0.0, ""target_qty"": 0.011286289404820569, ""delta_qty"": 0.011286289404820569, ""paper_qty"": 0.011286, ""paper_avg_px"": 82295.55582000001, ""realized_pnl"": -5.705542490853906, ""unrealized_pnl"": 0.0, ""fee"": 0.46439382149226005, ""impact"": 5.241148669361646}"
2025-11-21T17:25:00+05:30,1763726100000,BUY,0.011286,82279.1,82295.55582000001,928.7876429845201,928.6257345681722,0.03714502938272689,0.011286,82295.55582000001,-5.705542490853906,0.0,0.46439382149226005,5.241148669361646,9994.108737124627,"{""dry_run"": true, ""side"": ""BUY"", ""qty"": 0.011286, ""price"": 82295.55582000001, ""mid_price"": 82279.1, ""exch_qty"": 0.0, ""target_qty"": 0.011286289404820569, ""delta_qty"": 0.011286289404820569, ""paper_qty"": 0.011286, ""paper_avg_px"": 82295.55582000001, ""realized_pnl"": -5.705542490853906, ""unrealized_pnl"": 0.0, ""fee"": 0.46439382149226005, ""impact"": 5.241148669361646}"
2025-11-21T17:25:00+05:30,1763726100000,BUY,0.011286,82279.1,82295.55582000001,928.7876429845201,928.6257345681722,0.03714502938272689,0.011286,82295.55582000001,-5.705542490853906,0.0,0.46439382149226005,5.241148669361646,9994.108737124627,"{""dry_run"": true, ""side"": ""BUY"", ""qty"": 0.011286, ""price"": 82295.55582000001, ""mid_price"": 82279.1, ""exch_qty"": 0.0, ""target_qty"": 0.011286289404820569, ""delta_qty"": 0.011286289404820569, ""paper_qty"": 0.011286, ""paper_avg_px"": 82295.55582000001, ""realized_pnl"": -5.705542490853906, ""unrealized_pnl"": 0.0, ""fee"": 0.46439382149226005, ""impact"": 5.241148669361646}"
2025-11-21T18:05:00+05:30,1763728500000,BUY,0.015901,82943.0,82959.5886,1319.1404183286,1318.886391817856,0.05275545567271424,0.025117999999999998,82767.08587831435,-15.028850980957108,4.835283363300263,0.6595702091643,10.487825895921533,9989.389759927542,"{""dry_run"": true, ""side"": ""BUY"", ""qty"": 0.015901, ""price"": 82959.5886, ""mid_price"": 82943.0, ""exch_qty"": 0.0, ""target_qty"": 0.015901117536354557, ""delta_qty"": 0.015901117536354557, ""paper_qty"": 0.025117999999999998, ""paper_avg_px"": 82767.08587831435, ""realized_pnl"": -15.028850980957108, ""unrealized_pnl"": 4.835283363300263, ""fee"": 0.6595702091643, ""impact"": 10.487825895921533}"
2025-11-21T18:05:00+05:30,1763728500000,BUY,0.015901,82943.0,82959.5886,1319.1404183286,1318.886391817856,0.05275545567271424,0.027167999999999998,82742.02663709143,-16.844160000513178,5.910723408300041,0.6595702091643,10.487825895921533,9988.615884322986,"{""dry_run"": true, ""side"": ""BUY"", ""qty"": 0.015901, ""price"": 82959.5886, ""mid_price"": 82943.0, ""exch_qty"": 0.0, ""target_qty"": 0.015901117536354557, ""delta_qty"": 0.015901117536354557, ""paper_qty"": 0.027167999999999998, ""paper_avg_px"": 82742.02663709143, ""realized_pnl"": -16.844160000513178, ""unrealized_pnl"": 5.910723408300041, ""fee"": 0.6595702091643, ""impact"": 10.487825895921533}"
2025-11-21T18:05:00+05:30,1763728500000,BUY,0.015901,82943.0,82959.5886,1319.1404183286,1318.886391817856,0.05275545567271424,0.025117999999999998,82767.08587831435,-15.028850980957108,4.835283363300263,0.6595702091643,10.487825895921533,9989.389759927542,"{""dry_run"": true, ""side"": ""BUY"", ""qty"": 0.015901, ""price"": 82959.5886, ""mid_price"": 82943.0, ""exch_qty"": 0.0, ""target_qty"": 0.015901117536354557, ""delta_qty"": 0.015901117536354557, ""paper_qty"": 0.025117999999999998, ""paper_avg_px"": 82767.08587831435, ""realized_pnl"": -15.028850980957108, ""unrealized_pnl"": 4.835283363300263, ""fee"": 0.6595702091643, ""impact"": 10.487825895921533}"
2025-11-21T18:05:00+05:30,1763728500000,BUY,0.015901,82943.0,82959.5886,1319.1404183286,1318.886391817856,0.05275545567271424,0.025117999999999998,82767.08587831435,-15.028850980957108,4.835283363300263,0.6595702091643,10.487825895921533,9989.389759927542,"{""dry_run"": true, ""side"": ""BUY"", ""qty"": 0.015901, ""price"": 82959.5886, ""mid_price"": 82943.0, ""exch_qty"": 0.0, ""target_qty"": 0.015901117536354557, ""delta_qty"": 0.015901117536354557, ""paper_qty"": 0.025117999999999998, ""paper_avg_px"": 82767.08587831435, ""realized_pnl"": -15.028850980957108, ""unrealized_pnl"": 4.835283363300263, ""fee"": 0.6595702091643, ""impact"": 10.487825895921533}"
2025-11-21T18:05:00+05:30,1763728500000,BUY,0.015901,82943.0,82959.5886,1319.1404183286,1318.886391817856,0.05275545567271424,0.027167999999999998,82742.02663709143,-16.844160000513178,5.910723408300041,0.6595702091643,10.487825895921533,9988.615884322986,"{""dry_run"": true, ""side"": ""BUY"", ""qty"": 0.015901, ""price"": 82959.5886, ""mid_price"": 82943.0, ""exch_qty"": 0.0, ""target_qty"": 0.015901117536354557, ""delta_qty"": 0.015901117536354557, ""paper_qty"": 0.027167999999999998, ""paper_avg_px"": 82742.02663709143, ""realized_pnl"": -16.844160000513178, ""unrealized_pnl"": 5.910723408300041, ""fee"": 0.6595702091643, ""impact"": 10.487825895921533}"
2025-11-21T18:05:00+05:30,1763728500000,BUY,0.015901,82943.0,82959.5886,1319.1404183286,1318.886391817856,0.05275545567271424,0.027167999999999998,82742.02663709143,-16.844160000513178,5.910723408300041,0.6595702091643,10.487825895921533,9988.615884322986,"{""dry_run"": true, ""side"": ""BUY"", ""qty"": 0.015901, ""price"": 82959.5886, ""mid_price"": 82943.0, ""exch_qty"": 0.0, ""target_qty"": 0.015901117536354557, ""delta_qty"": 0.015901117536354557, ""paper_qty"": 0.027167999999999998, ""paper_avg_px"": 82742.02663709143, ""realized_pnl"": -16.844160000513178, ""unrealized_pnl"": 5.910723408300041, ""fee"": 0.6595702091643, ""impact"": 10.487825895921533}"
2025-11-21T18:05:00+05:30,1763728500000,BUY,0.015901,82943.0,82959.5886,1319.1404183286,1318.886391817856,0.05275545567271424,0.025117999999999998,82767.08587831435,-15.028850980957108,4.835283363300263,0.6595702091643,10.487825895921533,9989.389759927542,"{""dry_run"": true, ""side"": ""BUY"", ""qty"": 0.015901, ""price"": 82959.5886, ""mid_price"": 82943.0, ""exch_qty"": 0.0, ""target_qty"": 0.015901117536354557, ""delta_qty"": 0.015901117536354557, ""paper_qty"": 0.025117999999999998, ""paper_avg_px"": 82767.08587831435, ""realized_pnl"": -15.028850980957108, ""unrealized_pnl"": 4.835283363300263, ""fee"": 0.6595702091643, ""impact"": 10.487825895921533}"
2025-11-21T18:05:00+05:30,1763728500000,BUY,0.016238,82943.0,82959.5886,1347.0977996868,1346.8779500061867,0.05387511800024747,0.02749,82788.70740258422,-17.30024277098006,4.697524116959985,0.6735488998434,10.937087035657129,9986.941260731981,"{""dry_run"": true, ""side"": ""BUY"", ""qty"": 0.016238, ""price"": 82959.5886, ""mid_price"": 82943.0, ""exch_qty"": 0.0, ""target_qty"": 0.016238596988367753, ""delta_qty"": 0.016238596988367753, ""paper_qty"": 0.02749, ""paper_avg_px"": 82788.70740258422, ""realized_pnl"": -17.30024277098006, ""unrealized_pnl"": 4.697524116959985, ""fee"": 0.6735488998434, ""impact"": 10.937087035657129}"
2025-11-21T18:05:00+05:30,1763728500000,BUY,0.015901,82943.0,82959.5886,1319.1404183286,1318.886391817856,0.05275545567271424,0.025741999999999998,82759.0355419276,-15.544737022710144,5.162636820899739,0.6595702091643,10.487825895921533,9989.19087605699,"{""dry_run"": true, ""side"": ""BUY"", ""qty"": 0.015901, ""price"": 82959.5886, ""mid_price"": 82943.0, ""exch_qty"": 0.0, ""target_qty"": 0.015901117536354557, ""delta_qty"": 0.015901117536354557, ""paper_qty"": 0.025741999999999998, ""paper_avg_px"": 82759.0355419276, ""realized_pnl"": -15.544737022710144, ""unrealized_pnl"": 5.162636820899739, ""fee"": 0.6595702091643, ""impact"": 10.487825895921533}"
2025-11-21T18:05:00+05:30,1763728500000,BUY,0.015901,82943.0,82959.5886,1319.1404183286,1318.886391817856,0.05275545567271424,0.025117999999999998,82767.08587831435,-15.028850980957108,4.835283363300263,0.6595702091643,10.487825895921533,9989.389759927542,"{""dry_run"": true, ""side"": ""BUY"", ""qty"": 0.015901, ""price"": 82959.5886, ""mid_price"": 82943.0, ""exch_qty"": 0.0, ""target_qty"": 0.015901117536354557, ""delta_qty"": 0.015901117536354557, ""paper_qty"": 0.025117999999999998, ""paper_avg_px"": 82767.08587831435, ""realized_pnl"": -15.028850980957108, ""unrealized_pnl"": 4.835283363300263, ""fee"": 0.6595702091643, ""impact"": 10.487825895921533}"
2025-11-21T18:05:00+05:30,1763728500000,BUY,0.016238,82943.0,82959.5886,1347.0977996868,1346.8779500061867,0.05387511800024747,0.026069999999999996,82802.1395177077,-16.0060122778563,4.104697575360162,0.6735488998434,10.937087035657129,9987.666220495505,"{""dry_run"": true, ""side"": ""BUY"", ""qty"": 0.016238, ""price"": 82959.5886, ""mid_price"": 82943.0, ""exch_qty"": 0.0, ""target_qty"": 0.016238596988367753, ""delta_qty"": 0.016238596988367753, ""paper_qty"": 0.026069999999999996, ""paper_avg_px"": 82802.1395177077, ""realized_pnl"": -16.0060122778563, ""unrealized_pnl"": 4.104697575360162, ""fee"": 0.6735488998434, ""impact"": 10.937087035657129}"
2025-11-22T12:35:00+05:30,1763795100000,BUY,0.01099,84496.3,84513.19926000001,928.8000598674,928.6257345681722,0.03714502938272689,0.01099,84513.19926000001,-5.568156358905064,0.0,0.4644000299337,5.103756328971364,9994.246120773696,"{""dry_run"": true, ""side"": ""BUY"", ""qty"": 0.01099, ""price"": 84513.19926000001, ""mid_price"": 84496.3, ""exch_qty"": 0.0, ""target_qty"": 0.01099013488836993, ""delta_qty"": 0.01099013488836993, ""paper_qty"": 0.01099, ""paper_avg_px"": 84513.19926000001, ""realized_pnl"": -5.568156358905064, ""unrealized_pnl"": 0.0, ""fee"": 0.4644000299337, ""impact"": 5.103756328971364}"
2025-11-22T12:40:00+05:30,1763795400000,BUY,0.010997,84440.7,84457.58813999999,928.7800967755799,928.6257345681722,0.03714502938272689,0.010997,84457.58813999999,-5.571287410508315,0.0,0.46439004838778997,5.106897362120526,9994.242993713911,"{""dry_run"": true, ""side"": ""BUY"", ""qty"": 0.010997, ""price"": 84457.58813999999, ""mid_price"": 84440.7, ""exch_qty"": 0.0, ""target_qty"": 0.010997371345431436, ""delta_qty"": 0.010997371345431436, ""paper_qty"": 0.010997, ""paper_avg_px"": 84457.58813999999, ""realized_pnl"": -5.571287410508315, ""unrealized_pnl"": 0.0, ""fee"": 0.46439004838778997, ""impact"": 5.106897362120526}"
2025-11-22T12:40:00+05:30,1763795400000,BUY,0.008995999999999999,84440.7,84457.58813999999,759.7804629074399,759.6568377996904,0.030386273511987617,0.008995999999999999,84457.58813999999,-3.7973827536113833,0.0,0.3798902314537199,3.4174925221576635,9996.050691538949,"{""dry_run"": true, ""side"": ""BUY"", ""qty"": 0.008995999999999999, ""price"": 84457.58813999999, ""mid_price"": 84440.7, ""exch_qty"": 0.0, ""target_qty"": 0.008996335153541958, ""delta_qty"": 0.008996335153541958, ""paper_qty"": 0.008995999999999999, ""paper_avg_px"": 84457.58813999999, ""realized_pnl"": -3.7973827536113833, ""unrealized_pnl"": 0.0, ""fee"": 0.3798902314537199, ""impact"": 3.4174925221576635}"
2025-11-22T12:45:00+05:30,1763795700000,BUY,0.010999,84422.1,84438.98442000001,928.7443896355801,928.6257345681722,0.03714502938272689,0.010999,84438.98442000001,-5.5720019656186635,0.0,0.4643721948177901,5.107629770800873,9994.242286298802,"{""dry_run"": true, ""side"": ""BUY"", ""qty"": 0.010999, ""price"": 84438.98442000001, ""mid_price"": 84422.1, ""exch_qty"": 0.0, ""target_qty"": 0.01099979430229966, ""delta_qty"": 0.01099979430229966, ""paper_qty"": 0.010999, ""paper_avg_px"": 84438.98442000001, ""realized_pnl"": -5.5720019656186635, ""unrealized_pnl"": 0.0, ""fee"": 0.4643721948177901, ""impact"": 5.107629770800873}"
2025-11-22T12:45:00+05:30,1763795700000,BUY,0.010999,84422.1,84438.98442000001,928.7443896355801,928.6257345681722,0.03714502938272689,0.010999,84438.98442000001,-5.5720019656186635,0.0,0.4643721948177901,5.107629770800873,9994.242286298802,"{""dry_run"": true, ""side"": ""BUY"", ""qty"": 0.010999, ""price"": 84438.98442000001, ""mid_price"": 84422.1, ""exch_qty"": 0.0, ""target_qty"": 0.01099979430229966, ""delta_qty"": 0.01099979430229966, ""paper_qty"": 0.010999, ""paper_avg_px"": 84438.98442000001, ""realized_pnl"": -5.5720019656186635, ""unrealized_pnl"": 0.0, ""fee"": 0.4643721948177901, ""impact"": 5.107629770800873}"
2025-11-22T12:55:00+05:30,1763796300000,BUY,0.010995,84452.5,84469.3905,928.7409485474999,928.6257345681722,0.03714502938272689,0.010995,84469.3905,-5.57012383891363,0.0,0.46437047427374994,5.10575336463988,9994.244165113587,"{""dry_run"": true, ""side"": ""BUY"", ""qty"": 0.010995, ""price"": 84469.3905, ""mid_price"": 84452.5, ""exch_qty"": 0.0, ""target_qty"": 0.010995834754070894, ""delta_qty"": 0.010995834754070894, ""paper_qty"": 0.010995, ""paper_avg_px"": 84469.3905, ""realized_pnl"": -5.57012383891363, ""unrealized_pnl"": 0.0, ""fee"": 0.46437047427374994, ""impact"": 5.10575336463988}"
2025-11-22T16:25:00+05:30,1763808900000,BUY,0.011099999999999999,83655.0,83671.731,928.7562140999999,928.6257345681722,0.03714502938272689,0.011099999999999999,83671.731,-5.618975095304999,0.0,0.46437810704999993,5.154596988254999,9994.195310804695,"{""dry_run"": true, ""side"": ""BUY"", ""qty"": 0.011099999999999999, ""price"": 83671.731, ""mid_price"": 83655.0, ""exch_qty"": 0.0, ""target_qty"": 0.011100660266190571, ""delta_qty"": 0.011100660266190571, ""paper_qty"": 0.011099999999999999, ""paper_avg_px"": 83671.731, ""realized_pnl"": -5.618975095304999, ""unrealized_pnl"": 0.0, ""fee"": 0.46437810704999993, ""impact"": 5.154596988254999}"
2025-11-22T16:30:00+05:30,1763809200000,BUY,0.011104,83626.0,83642.7252,928.7688206207999,928.6257345681722,0.03714502938272689,0.011104,83642.7252,-5.620908902397081,0.0,0.4643844103104,5.156524492086681,9994.193374476803,"{""dry_run"": true, ""side"": ""BUY"", ""qty"": 0.011104, ""price"": 83642.7252, ""mid_price"": 83626.0, ""exch_qty"": 0.0, ""target_qty"": 0.011104509776483059, ""delta_qty"": 0.011104509776483059, ""paper_qty"": 0.011104, ""paper_avg_px"": 83642.7252, ""realized_pnl"": -5.620908902397081, ""unrealized_pnl"": 0.0, ""fee"": 0.4643844103104, ""impact"": 5.156524492086681}"
2025-11-22T16:30:00+05:30,1763809200000,BUY,0.011104,83626.0,83642.7252,928.7688206207999,928.6257345681722,0.03714502938272689,0.011104,83642.7252,-5.620908902397081,0.0,0.4643844103104,5.156524492086681,9994.193374476803,"{""dry_run"": true, ""side"": ""BUY"", ""qty"": 0.011104, ""price"": 83642.7252, ""mid_price"": 83626.0, ""exch_qty"": 0.0, ""target_qty"": 0.011104509776483059, ""delta_qty"": 0.011104509776483059, ""paper_qty"": 0.011104, ""paper_avg_px"": 83642.7252, ""realized_pnl"": -5.620908902397081, ""unrealized_pnl"": 0.0, ""fee"": 0.4643844103104, ""impact"": 5.156524492086681}"
2025-11-22T16:50:00+05:30,1763810400000,BUY,0.011059,83970.0,83986.794,928.8099548459999,928.6257345681722,0.03714502938272689,0.011059,83986.794,-5.600259622743956,0.0,0.46440497742299996,5.135854645320956,9994.214015531255,"{""dry_run"": true, ""side"": ""BUY"", ""qty"": 0.011059, ""price"": 83986.794, ""mid_price"": 83970.0, ""exch_qty"": 0.0, ""target_qty"": 0.011059017917925119, ""delta_qty"": 0.011059017917925119, ""paper_qty"": 0.011059, ""paper_avg_px"": 83986.794, ""realized_pnl"": -5.600259622743956, ""unrealized_pnl"": 0.0, ""fee"": 0.46440497742299996, ""impact"": 5.135854645320956}"
2025-11-22T17:00:00+05:30,1763811000000,BUY,0.011038,84126.0,84142.8252,928.7685045576,928.6257345681722,0.03714502938272689,0.011038,84142.8252,-5.590257628932195,0.0,0.4643842522788,5.125873376653394,9994.224025813468,"{""dry_run"": true, ""side"": ""BUY"", ""qty"": 0.011038, ""price"": 84142.8252, ""mid_price"": 84126.0, ""exch_qty"": 0.0, ""target_qty"": 0.011038510502914345, ""delta_qty"": 0.011038510502914345, ""paper_qty"": 0.011038, ""paper_avg_px"": 84142.8252, ""realized_pnl"": -5.590257628932195, ""unrealized_pnl"": 0.0, ""fee"": 0.4643842522788, ""impact"": 5.125873376653394}"
2025-11-22T17:15:00+05:30,1763811900000,BUY,0.011035,84150.0,84166.83,928.78096905,928.6257345681722,0.03714502938272689,0.011035,84166.83,-5.588939481258375,0.0,0.464390484525,5.124548996733375,9994.225341468742,"{""dry_run"": true, ""side"": ""BUY"", ""qty"": 0.011035, ""price"": 84166.83, ""mid_price"": 84150.0, ""exch_qty"": 0.0, ""target_qty"": 0.011035362264624744, ""delta_qty"": 0.011035362264624744, ""paper_qty"": 0.011035, ""paper_avg_px"": 84166.83, ""realized_pnl"": -5.588939481258375, ""unrealized_pnl"": 0.0, ""fee"": 0.464390484525, ""impact"": 5.124548996733375}"
2025-11-22T17:35:00+05:30,1763813100000,BUY,0.011091,83725.0,83741.745,928.779693795,928.6257345681722,0.03714502938272689,0.011091,83741.745,-5.614937638837672,0.0,0.4643898468975,5.150547791940172,9994.199343566162,"{""dry_run"": true, ""side"": ""BUY"", ""qty"": 0.011091, ""price"": 83741.745, ""mid_price"": 83725.0, ""exch_qty"": 0.0, ""target_qty"": 0.011091379331957864, ""delta_qty"": 0.011091379331957864, ""paper_qty"": 0.011091, ""paper_avg_px"": 83741.745, ""realized_pnl"": -5.614937638837672, ""unrealized_pnl"": 0.0, ""fee"": 0.4643898468975, ""impact"": 5.150547791940172}"
2025-11-25T18:00:00+05:30,1764073800000,BUY,0.010622999999999999,87410.0,87427.482,928.7421412859999,928.6257345681722,0.03714502938272689,0.010622999999999999,87427.482,-5.397384954083588,0.0,0.46437107064299993,4.933013883440588,9994.416903759917,"{""dry_run"": true, ""side"": ""BUY"", ""qty"": 0.010622999999999999, ""price"": 87427.482, ""mid_price"": 87410.0, ""exch_qty"": 0.0, ""target_qty"": 0.010623792867728774, ""delta_qty"": 0.010623792867728774, ""paper_qty"": 0.010622999999999999, ""paper_avg_px"": 87427.482, ""realized_pnl"": -5.397384954083588, ""unrealized_pnl"": 0.0, ""fee"": 0.46437107064299993, ""impact"": 4.933013883440588}"
2025-11-26T10:05:00+05:30,1764131700000,BUY,0.010639,87280.0,87297.456,928.757634384,928.6257345681722,0.03714502938272689,0.010639,87297.456,-5.4049050532976874,0.0,0.46437881719199997,4.940526236105687,9994.409380562702,"{""dry_run"": true, ""side"": ""BUY"", ""qty"": 0.010639, ""price"": 87297.456, ""mid_price"": 87280.0, ""exch_qty"": 0.0, ""target_qty"": 0.01063961657387915, ""delta_qty"": 0.01063961657387915, ""paper_qty"": 0.010639, ""paper_avg_px"": 87297.456, ""realized_pnl"": -5.4049050532976874, ""unrealized_pnl"": 0.0, ""fee"": 0.46437881719199997, ""impact"": 4.940526236105687}"
2025-12-01T10:30:00+05:30,1764565200000,BUY,0.010820999999999999,85812.0,85829.1624,928.7573663303999,928.6257345681722,0.03714502938272689,0.010820999999999999,85829.1624,-5.489420413695828,0.0,0.4643786831652,5.025041730530628,9994.324865255903,"{""dry_run"": true, ""side"": ""BUY"", ""qty"": 0.010820999999999999, ""price"": 85829.1624, ""mid_price"": 85812.0, ""exch_qty"": 0.0, ""target_qty"": 0.010821630244816253, ""delta_qty"": 0.010821630244816253, ""paper_qty"": 0.010820999999999999, ""paper_avg_px"": 85829.1624, ""realized_pnl"": -5.489420413695828, ""unrealized_pnl"": 0.0, ""fee"": 0.4643786831652, ""impact"": 5.025041730530628}"
