{
  "status": "ok",
  "folds": [
    {
      "fold": 0,
      "a": 0.09500476291668462,
      "b": -0.0006596436606637222,
      "train_size": 45,
      "test_size": 11
    },
    {
      "fold": 1,
      "a": 0.49931493895027096,
      "b": -0.0007976595885638533,
      "train_size": 44,
      "test_size": 11
    },
    {
      "fold": 2,
      "a": -0.6879126934317069,
      "b": 0.0007683171415384993,
      "train_size": 44,
      "test_size": 11
    },
    {
      "fold": 3,
      "a": 0.11602191737480157,
      "b": -0.0008525051121818773,
      "train_size": 44,
      "test_size": 11
    },
    {
      "fold": 4,
      "a": 0.16539178459214793,
      "b": -0.0005642819581032661,
      "train_size": 43,
      "test_size": 13
    }
  ],
  "a_mean": 0.037564142080439636,
  "b_mean": -0.00042115463559484393,
  "fraction_in_15bps_band": 1.0,
  "rows": 57,
  "purge": 1,
  "embargo": 1,
  "n_splits": 5
}